{
  "GET All Activities" : {
    "transaction" : "GET All Activities",
    "sampleCount" : 60,
    "errorCount" : 0,
    "errorPct" : 0.0,
    "meanResTime" : 101.06666666666666,
    "medianResTime" : 5.0,
    "minResTime" : 3.0,
    "maxResTime" : 3087.0,
    "pct1ResTime" : 6.899999999999999,
    "pct2ResTime" : 10.849999999999987,
    "pct3ResTime" : 3087.0,
    "throughput" : 18.47290640394089,
    "receivedKBytesPerSec" : 6.362990205511084,
    "sentKBytesPerSec" : 3.440218018780788
  },
  "Total" : {
    "transaction" : "Total",
    "sampleCount" : 60,
    "errorCount" : 0,
    "errorPct" : 0.0,
    "meanResTime" : 101.06666666666666,
    "medianResTime" : 5.0,
    "minResTime" : 3.0,
    "maxResTime" : 3087.0,
    "pct1ResTime" : 6.899999999999999,
    "pct2ResTime" : 10.849999999999987,
    "pct3ResTime" : 3087.0,
    "throughput" : 18.47290640394089,
    "receivedKBytesPerSec" : 6.362990205511084,
    "sentKBytesPerSec" : 3.440218018780788
  }
}